{
  "project_info": {
    "project_number": "592606309672",
    "project_id": "doctoridz",
    "storage_bucket": "doctoridz.appspot.com"
  },
  "client": [
    {
      "client_info": {
        "mobilesdk_app_id": "1:592606309672:android:f0c70d86951985365cb41d",
        "android_client_info": {
          "package_name": "com.example.health_and_doctor_appointment_master"
        }
      },
      "oauth_client": [
        {
          "client_id": "592606309672-mqutp00s8ad45ur72q5ou267t1778blq.apps.googleusercontent.com",
          "client_type": 3
        }
      ],
      "api_key": [
        {
          "current_key": "AIzaSyCwpfgOeILqF1XK3njybrWI-ctakftLOJ4"
        }
      ],
      "services": {
        "appinvite_service": {
          "other_platform_oauth_client": [
            {
              "client_id": "592606309672-mqutp00s8ad45ur72q5ou267t1778blq.apps.googleusercontent.com",
              "client_type": 3
            }
          ]
        }
      }
    }
  ],
  "configuration_version": "1"
}